Lenovo ThinkPad T440s 20ARS08E00 Intel i5-4300U 1.90GHz 8GB 320GB NO OS,$154.50,Refurbished
"Lenovo Thinkpad T440P i7-4600M 16GB 500GB SSD 14"" NVIDIA backlit Windows 10 pro",$349.99,Refurbished
Lenovo Thinkpad T440 intel i7-4600U 8gb 256GB SSD Backlit Windows 10 Pro Laptop,$250.00,Pre-Owned
"Lenovo ThinkPad T450 i5-5300U 14"" 8GB RAM 256GB SSD Win10 Pro with Warranty",$299.95,Refurbished
Lenovo ThinkPad T440s #3 /Win 7 Pro / FHD1920x1080 / i5-4200U / 8GB /500GB+16GB,$999.00,Refurbished
"Lenovo ThinkPad 14.1"" T440 Core i5 Laptop Win 10 Pro 8GB RAM 320GB New BATTERY",$199.99,Refurbished
Lenovo ThinkPad T530 Core i7-3520M 8GB RAM 120SSD NVidia NVS 5400M Windows 7,$329.95,Pre-Owned
"Lenovo ThinkPad T440 14"" Laptop PC i5-4300U 500GB HDD 4GB RAM Win 10 - Warranty",$279.99,Refurbished
Lenovo Thinkpad T440 Core i5-4300U 2.5GHz HD 4GB 500GB SSHD BT FPR Win10,$163.00,Refurbished
Lenovo Thinkpad T440 Core i7-4600U 2.7G HD+ 8GB 500GB BT FPR Win10Pro,$205.00,Refurbished
"Lenovo ThinkPad T440 i5 4300U, 8GB RAM, 500GB, Windows 10, 1 Year Warranty",$294.99,Refurbished
Lenovo Thinkpad T440 Intel Core i7-4600U 2.7G HD+ 4GB 256GB SSD BT FPR Win10 Pro,$209.00,Refurbished
Lenovo Thinkpad T440 Core i7-4600U 2.7G HD+ 1600*900 8GB 500GB BT FPR Win10Pro,$209.00,Refurbished
Lenovo Thinkpad T440P Core i5-4300M 2.5GHz HD 4GB 160GB HDD BT DVDRAM Win10 Pro,$129.00,Refurbished
42W2014 GENUINE LENOVO BASE COVER THINKPAD T61 6468-CT0 (GRADE B) (FF42),$34.76,Pre-Owned
Lenovo Thinkpad T440 Core i5-4300U 2.5GHz HD+ 4GB 500GB BT FPR Win10Pro,$155.00,Refurbished
Lenovo Thinkpad T440 Core i5-4300U 2.5GHz HD 4GB 120GB SSD BT Backlit Win10Pro,$165.00,Refurbished
Lenovo Thinkpad T440P w/Dock i7-4600M 2.9G GT-730M HD+ 8GB 256GB SSD FPR Win10,$289.00,Refurbished
Lenovo Thinkpad T440 intel Core i5 1.90GHZ 4GB 128GB SSD Windows 10 Home camera,$127.02,Pre-Owned
Lenovo Thinkpad T440 Core i7-4600U 2.7G HD+ MultiTouch 8GB 500GB BT Win10 Pro,$215.00,Refurbished
"Lenovo ThinkPad T440 Win 8 Pro/14.0"" 1366 X 768 / i7-4600U / 8GB / 500GB+16GB",$999.00,Refurbished
Lenovo Thinkpad T440s intel i5-4300U 8gb 320gb Windows 10 Pro Laptop,$189.00,Pre-Owned
Lenovo ThinkPad T440 Ultrabook Intel i5-4200U 2.3ghz 4GB RAM 500GB ,$235.00,Refurbished
Lenovo Thinkpad T440 Intel Core i7-4600U 2.7G HD+ 8GB 500GB BT FPR Win10 Pro,$239.00,Refurbished
Lenovo ThinkPad T430 laptop Core i7 8GB RAM 180GB SSD Webcam,$357.19,Refurbished
"Lenovo ThinkPad T440 14"" Laptop Dual Core i5-4300U 1.9GHz 12GB 500GB w/ Win 10",$189.99,Pre-Owned
Lenovo Thinkpad T430 Business Laptop computer Intel i5-3320m 8GB DDR3 128GB,$159.99,Refurbished
Lenovo ThinkPad T430 laptop Intel Core i5 2.6GHZ  250GB SSD DVDRW ,$250.00,Pre-Owned
"Lenovo Thinkpad T440 Laptop PC, Windows 10 Home 64-bit, Intel Core i5-4300U, 8GB",$300.00,Pre-Owned
Lenovo Thinkpad T440s laptop & PRO dock,$300.00,Pre-Owned
Lenovo ThinkPad T430 Laptop i5-3320M 2.60GHz CPU 4GB RAM No HDD,$139.95,Pre-Owned
"Lenovo ThinkPad T440 i5 4300U, 4GB RAM, 320GB Webcam Windows 10, 1 Year Warranty",$279.99,Refurbished
"Lenovo ThinkPad T440 14"" Intel i5-4300U , 8GB RAM, 128GB SSD *FAST SHIPPING*",$183.99,Pre-Owned
"Lenovo ThinkPad T440 i5 4300U, 8GB RAM, 500GB HDD *FAST SHIPPING*",$147.99,Pre-Owned
"Lenovo Thinkpad T440 Laptop PC, Windows 10 Home 64-bit, Intel Core i5-4300U, 8GB",$272.00,Pre-Owned
Lenovo ThinkPad T440 Laptop Intel Core i7-4600U 2.1GHz 700GB  Win 10 Pro,$350.00,Pre-Owned
"Lenovo 14"" Thinkpad, T440P, Intel Core i5-4200M,8GB RAM, 1TB HDD, Win10 PRO",$340.00,Pre-Owned
"Lenovo Thinkpad T440 Laptop PC, Windows 10 Home 64-bit, Intel Core i5-4300U, 8GB",$300.00,Pre-Owned
"Thinkpad T440 Ultrabk, 14"" Intel Core 4th G i5-4300U 1.9 8GB RAM, 500GB, W10P",$269.95,Refurbished
Lenevo Thinkpad T540P I7-4600 256SSD 16GB Ram Win 10-64bit 1366 x 768,$500.00,Pre-Owned
Lenovo Thinkpad T440s Intel Core i5 4300U 1.9GHz 12GB RAM 384GB DUAL SSD Laptop,$199.00,Pre-Owned
"Lenovo Thinkpad T440 Laptop PC, Windows 10 Home 64-bit, Intel Core i5-4300U, 8GB",$272.00,Pre-Owned
"Lenovo ThinkPad T430 Laptop i5-3320M vPro 2.6Ghz 8 GB 14""",$140.00,Pre-Owned
"Lenovo ThinkPad L540 15.6"" Intel Core i5-4300M 8GB RAM 1T HD Win 10",$299.00,Pre-Owned
Lenevo Thinkpad T440 I7-4600U 12GB RAM 256SSD-HD 1366x768,$385.00,Pre-Owned
Lenevo Thinkpad T450 I5-5300U CPU 2.30Ghz 16GBRAM 256SSD-HD Win 7-64bit,$450.00,Pre-Owned
Lenevo Thinkpad T540P I7-4600M 2.9Ghz 500GBSSD 16GBRam Win 10-64bit 1366 x 768,$600.00,Pre-Owned
Lenevo Thinkpad T450 I5-5300U CPU 2.30Ghz 16GBRAM 256SSD-HD Win 7-64bit,$400.00,Pre-Owned
Lenovo ThinkPad T440s 20ARS08E00 Intel i5-4300U 1.90GHz 8GB 320GB NO OS,$154.50,Refurbished
Lenovo Thinkpad X131e 11.6 Intel Celeron 1007U 1.5GHz 4GB 120GB SSD Linux Mint ,$109.99,Pre-Owned
Lenovo Thinkpad E440 Laptop Intel i5-4200M 8GB + 500GB 1366x768 Windows 10 Home,$222.49,Refurbished
"LENOVO THINKPAD E440 14"" Laptop Core i3-4000M 2.4GHz 4GB RAM 500GB HDD Win Pro",$100.00,Pre-Owned
"Lenovo ThinkPad Laptop X131e, 1007U Dual Core 1.5GHz, 4GB, 16GB,120GB, 240gb SSD",$74.95,Refurbished
"Lenovo ThinkPad 11E Chromebook Intel Celeron N2940 4GB 16GB, Black",$89.95,Refurbished
Lenovo Thinkpad E440 Laptop i5-4200M 8GB 500GB 1366x768 Win Home,$399.99,Refurbished
"Lenovo ThinkPad Edge E540 15.6in. (500GB, Intel Core i3 4th Gen., 2.4GHz, 4GB) ",$213.59,Refurbished
"Lenovo ThinkPad Edge E545 (750GB HD, AMD A6-5350M, 2.9GHz, 3GB RAM)",$269.99,Pre-Owned
"Lenovo Thinkpad X131e Laptop PC, Windows 10 Pro 64-bit, AMD E2-1800, 4GB, 320GB",$130.00,Refurbished
Lenovo ThinkPad Edge E531 Core i3 500gb HDD 6GB Ram Win 10 Pro 64Bit Genuine,$150.00,Refurbished
Lenovo Thinkpad 11e Chromebook,$199.00,Pre-Owned
"Lenovo ThinkPad 11e Intel Celeron N2930 4GB 16GB, Black (Refurbished)",$75.00,Refurbished
Lenovo ThinkPad EDGE E440 I5-4200M-- Tested Boot to BIOS AS-IS,$89.99,Pre-Owned
Lenovo ThinkPad E440 I5 4200M/4GB/320GB 7200RPM HHD/Windows 10 pro,$9.25,Pre-Owned
"ThinkPad X140e  AMD E1-2500 1.4GHz, 4GB, 320GB HDMI Win 10 Office 2019",$30.00,Pre-Owned
"Lenovo Thinkpad Edge E540 i7,  SD card reader , usb board from 2014/02 laptop",$44.00,Pre-Owned
LENOVO THINKPAD 11e CHROMEBOOK WITH CASE AND CHARGER,$74.99,Pre-Owned
Lenovo ThinkPad Yoga 11e Celeron-N2930@1.83GHz (QUAD) 4GB RAM 128SSD TOUCH #758,$184.88,Pre-Owned
Lenovo ThinkPad E550 Core i5 5th Gen Laptop 500GB HDD 8GB RAM  ,$569.00,Refurbished
2-Lenovo Thinkpad E540/i5-4200M 2.50GHz/8G Ram/320G HD/Win10Pro/SEE FULL DETAILS,$50.00,Pre-Owned
Lenovo 11e ThinkPad CHROMEBOOK 20DU,$53.99,Refurbished
"Lenovo ThinkPad E460 Intel i5 - 2.3 / 8GB Memory / 192GB SSD / 14"" / Windows 10 ",$110.00,Pre-Owned
"Lenovo ThinkPad X130e 11.6"" AMD E-300 4GB RAM 320GB HDD No OS - FAST Shipping!",$47.99,Pre-Owned
" Lenovo ThinkPad Yoga 11e 20DAS0XV00 11.6""  1.83 GHz - 320 GB HDD",$57.99,Refurbished
"Lenovo 11.6"" Chromebook ThinkPad X131e Dual-Core 1.5GHz Chrome OS in Black",$35.00,Refurbished
"IBM Lenovo ThinkPad X130e Celeron 1.3GHz 11.6"" 500GB 4gb Ram AC Adapter Battery",$56.00,Pre-Owned
Lenovo ThinkPad Edge E431 i5-3230M 2.6GHz 6GB 500GB Win 10 Laptop,$599.00,Pre-Owned
Lot of 5 - LENOVO Thinkpad X131e Celeron 1007u 2G 320HDD (Includes AC Adapter),$69.99,Pre-Owned
Lenovo ThinkPad X131e Celeron 1007U Dual-Core 1.5GHz 4GB 16GB SSD 11.6/ WARRANTY,$84.99,Refurbished
"Lenovo ThinkPad X140e 11.6"" AMD A4-5000 1.50GHz 4GB RAM 250GB HDD Windows 10 ",$44.87,Refurbished
"Lenovo 14"" ThinkPad E495 Laptop (Black)",$149.00,Refurbished
LENOVO ThinkPad E580 LAPTOP INTEL 8thGen i5-8250U 8GB RAM 128GB SSD CAM BT WIN10,$499.00,Pre-Owned
Lenovo ThinkPad X131e 1.9GHz 11.6” i3-3227U 320GB HHD 4GB RAM Windows 10,$99.99,Pre-Owned
Open Box Lenovo ThinkPad E470 i5-6200U 2.3GHz 8GB DDR4 512GB SSD Win10 -J2290,$207.50,Refurbished
Lot of (10) Lenovo ThinkPad Yoga 11e Laptops 1.83GHz Celeron 4GB RAM No HDD,$400.00,Refurbished
LENOVO THINKPAD 11e CHROMEBOOK WITH CHARGER,$39.99,Pre-Owned
"Lenovo Thinkpad Edge E530 i5-3210M 4GB 500GB DVD 15.6""  Win 10 * Free Shipping *",$129.99,Pre-Owned
"Lenovo ThinkPad X140e 11.6 inch (500GB, AMD A-Series, 1.5GHz, 4GB)",$95.00,Pre-Owned
"Lenovo ThinkPad Laptop Computer E430 Intel i3 4GB RAM 14"" Linux POOR COSMETICS",$49.95,Pre-Owned
"Lenovo Thinkpad Edge E430 14""/ i3-3120M @ 2.50GHz /6GB / 500GB /Win 10 / AC",$110.00,Refurbished
"Lenovo ThinkPad X131e 11.6"" Celeron 1007U 1.5GHz 4GB 320Gb Window 7 PRO 64bit",$34.00,Pre-Owned
LENOVO Thinkpad E555 A6-7000 R4 2.2GHz 4G 320HDD (Includes AC Adapter),$30.00,Pre-Owned
"11.6"" IBM Lenovo ThinkPad  X131e Celeron 1.40 GHz 4GB RAM 320GB HD Win 7 64 HDMI",$35.00,Refurbished
"Lot of 3  Lenovo ThinkPad 11e Chromebook 11.6"" 16GBeMMC Intel N2940 1.83GHz 4GB ",$90.00,Pre-Owned
Lenovo Thinkpad Edge E535 Laptop AMD A4-4300M 2.5GHz/8GB/320GB Windows 10 Pro,$87.50,Pre-Owned
"Lenovo ThinkPad X131e 11.6"" 1.4GHz i3-2367M 4GB 250GB Wifi HDMI WEBCAM Win 10",$84.99,Pre-Owned
"Dell Latitude E7450 14""i7-5600U 2.60 GHz, 16GB RAM, 250GB SSD, Webcam, Win 10",$199.00,Pre-Owned
"DELL LATITUDE E6540 15.6"" Laptop Intel Core i7-4800MQ 2.70GHz 8GB RAM No HDD",$407.00,Refurbished
Dell Latitude E7450 Intel Core i7-5600U 2.60GHz 8GB Laptop 512GB SSD Webcam FHD,$477.00,Pre-Owned
#695 Dell Latitude E6440 i7 8GB 128GB SSD Laptop Computer Windows 10 Gold,$51.00,Refurbished
#701 Dell Latitude E7240 i7 8GB 128GB SSD Laptop Computer Windows 10 Yellow,$265.00,Pre-Owned
"Dell Latitude E7240 Ultrabook (2.7GHz i7, 256GB SSD, 8GB RAM, WIN10 Pro) Laptop",$275.00,Pre-Owned
Dell Latitude Rugged 5404 - i7-4650U - 8GB RAM - 128GB SSD,$299.00,Refurbished
"Dell Latitude 5404 Rugged 14"" i7-4650U 1.7GHz 8GB 256GB SSD Touchscreen GT 720M",$250.00,Pre-Owned
Dell Latitude 5404 Rugged Extreme Laptop i7-4650U 16GB 2TB SSD HD WIN10 NVIDIA,$479.99,Refurbished
Dell Latitude Gaming Laptop 8GB RAM Intel Core i7 500GB WIN 10 WiFi Touchscreen,$427.00,Refurbished
GAMING LAPTOP CORE i7 DELL LATITUDE 14 ULTRABOOK WINDOWS 10 COMPUTER PC WEBCAM,$494.10,Refurbished
"Dell Latitude E7440 Intel i7-4600U 2.1GHz 16GB 256GB 14"" Laptop NO OS NO BATTERY",$374.00,Refurbished
"DELL LATITUDE E7240 12.5"" i5 4300 1.9GHz 8GB RAM 256GB SSD! WIN 7 PRO GRADE A!","$1,049.99",Refurbished
Dell Latitude Ultrabook Core i7 Laptop WIN10 8GB 500GB Windows 10 Computer Touch,$472.00,Pre-Owned
Dell Latitude E7440 Dual Core i7-4600U 2.10GHz 256GB SSD 8GB RAM Win10Pro #34963,$398.00,Refurbished
Dell Latitude 14 Rugged 5404 Core i7 1.70GHz 360GB SSD 8GB Win 10 Pro x64 camera,$447.00,Pre-Owned
#717 Dell Latitude E5440 i7 8GB 128GB SSD Laptop Computer Windows 10 Blue,"$1,599.99",Refurbished
Dell Latitude E7450 Laptop i7-5600U 2.30GHz 8GB 500GB HDD Win 10 Pro,$188.88,Pre-Owned
Dell Latitude 14 7404 Rugged i7-4650U 16GB 2TB SSHD WIN10 OFFICE16 BT 4.0LE ,$249.00,Refurbished
Dell Latitude 12 7204 Core i7 Rugged Extreme Business Laptop 8GB 256GB SSD W10P,$279.95,Pre-Owned
"Dell Latitude E7450 14"" FHD IPS Laptop Intel i7-5600U 16GB RAM 500GB SSD WIN10",$387.00,Refurbished
Dell Latitude E6540 Intel Core i7-4810MQ 2.8Ghz 8GB RAM Win 7 AMD 8790M IPS LCD,$220.00,Refurbished
Dell Latitude Laptop 16GB RAM Intel Core i7 512GB SSD WIN 10 WiFi Touchscreen,$361.66,Refurbished
DELL LATITUDE E6440 LAPTOP  I7-4610M   /8GB RAM/ 256GB SSD #49051#,$299.00,Refurbished
Dell Latitude Gaming Laptop 16GB RAM Intel Core i7 1TB WIN 10 WiFi Touchscreen,$299.99,Pre-Owned
Dell Latitude 5404 Rugged Extreme Laptop i7-4650U 8GB 2TB SSHD HD WIN10 NT,"$1,599.99",Refurbished
"Dell Latitude E7470 i7-6600U-2.6GHz-16GB/256GB SSD-Win10-New 14"" FHD-HDMI Laptop",$649.00,Pre-Owned
"Dell Latitude E7450 Core i7 Touch Laptop/Notebook, 16GB, 512GB SSD, Win 10 Pro",$429.00,Refurbished
Dell Latitude E5540 256GB SSD 8GB RAM Core i7 4600u 2.1GHz Win10 1366x768 #110,$379.95,Refurbished
"Dell Latitude E7240 12.5"" Laptop Intel i7-4600U 256GB SSD 8GB RAM Windows 10 Pro",$518.00,Pre-Owned
Dell Latitude 14 7404 Rugged Extreme i7-4650U 16GB 1TB SSD WIN10 ,$209.98,Refurbished
"Dell Latitude E7450 FHD 14"" Slim Business Laptop Core i7 8GB 256GB Win 10 Pro CD",$447.00,Refurbished
"Dell Latitude E7450 FHD 14"" Ultra Slim Business Laptop Core i7 8GB 256GB Win 10",$949.99,Refurbished
Dell Latitude E5540  Intel Core i7-4600U 8GB 1TB HDD Windows 10 Home,$405.00,Pre-Owned
"Dell Latitude E7450 14"" FHD Dual Core i7-5600U 2.6GHz 8GB 256GB SSD Windows 10",$449.00,Refurbished
"Dell Latitude E7240 12.5"" FHDTouch i7-4600U 2.1GHz 8GB 256 mSata SSD NFG6J A03",$265.00,Refurbished
"Dell Latitude E6540 15.6"" FHD i7 8GB 500GB Win 10 ",$369.99,Refurbished
"Dell Latitude E7440 14"" IPS FHD Intel i7-4600U 256GB SSD 8GB RAM Win 10 Pro","$1,460.00",Refurbished
Dell Latitude E7240 i7-4600U 256GB SSD 8GB 1080P FHD Touch Win10 Office 2019 ,$399.00,Pre-Owned
Dell Latitude E6540 i7 3.0GHz 16GB 500 SSHD HDMI AMD HD 8790M Win 10 Office 2019,$425.00,Pre-Owned
Dell Latitude E5440 i7 8GB 240G SSD DVD+RW HDMI WebCam Win 10 Office 2019 Dock,$400.49,Refurbished
Dell Latitude E6440 Laptop Computer Win 7 Pro - i7 16GB 256GB SSD,$359.98,Refurbished
Dell Latitude E6540 i7 Quad Core 240GB-SSD 8GB Win10-Win7Pro HD+,$239.00,Pre-Owned
Dell Latitude E6540 i7 Quad Core| 1000GB-SSD| 8GB| Win10-Win7Pro| FHD,$270.00,Pre-Owned
Dell Latitude E6540 i7 Quad | 500GB SAMSUNG860 SSD|8GB| Win10-Win7Pro| FHD |+,$309.99,Pre-Owned
Dell Latitude E6540 i7 Quad Core SAMSUNG860-250GB-SSD 16GB Cam Win10-Win7Pro,$406.90,Refurbished
Dell Latitude E5540 Laptop 15.6 HD i7-4600U 2.70GHz 8GB RAM 128GB HDD NVIDIA W10,$529.68,Refurbished
"Dell Latitude E7240 12.5"" i7-4600U 256GB SSD 16GB Webcam 1080P FHD Touch #F10-17",$485.45,Refurbished
"Dell Latitude E7240 12.5"" HD Intel Core i7-4600U 2.1GHz Laptop NFG6JA03 Parts",$484.48,Refurbished
"Dell Latitude E7450 Laptop/Notebook Intel Core i7, 8GB, 512GB SSD Windows 10 Pro",$185.00,Pre-Owned
Dell Latitude 12 E7240 12in. i5-4310U-CPU 1.9GHz-8GBRAN-128GBSSD-Ultrabook -2014,$150.00,Pre-Owned
"Dell Latitude E6440 14in. (500GB, Intel Core i5 4th Gen., 2.6GHz, 8GB)...2014",$169.00,Pre-Owned
#720 Dell Latitude E5440 i5 8GB 128GB SSD Laptop Computer Windows 10 Blue,$185.00,Pre-Owned
#719 Dell Latitude E5440 i5 8GB 128GB SSD Laptop Computer Windows 10 Gold,$225.00,Pre-Owned
"Dell Latitude E7450 14"" Laptop - 2.3 GHz i5-5300U 8GB 256GB SSD Wi-Fi Windows 10",$225.00,Pre-Owned
#715 Dell Latitude E6440 i5 8GB 128GB SSD Laptop Computer Windows 10 Red,$195.00,Pre-Owned
#702 Dell Latitude E5440 i5 8GB 128GB SSD Laptop Computer Windows 10 Orange,$215.00,Pre-Owned
"Dell Latitude E7440 14"" (256GB, Intel Core i5-4300U, 1.9GHz, 8GB) Linux Mint",$225.00,Pre-Owned
#716 Dell Latitude E7240 i5 8GB 128GB SSD Laptop Computer Windows 10 Rose Gold,$179.00,Pre-Owned
Dell Latitude 12 7204 Core i5 Rugged Extreme Business Laptop 8GB 256GB SSD W10P,$225.00,Pre-Owned
Dell Latitude E7450 Ultrabook Intel Core i5-5300U 2.30GHz/8GB/128GB SSD No OS,$205.50,Refurbished
#718 Dell Latitude E5440 i5 8GB 128GB SSD Laptop Computer Windows 10 Green,$211.00,Pre-Owned
"Dell Latitude 3540 Laptop Intel i5 Proc 4GB RAM 250GB SSD WIN 10 Pro 15.6""",$225.00,Pre-Owned
"Dell Latitude E5440 i5-4300U, 8GB, 240GB SSD, 14"" HD  &  Windows 10 Pro (1903)",$280.00,Pre-Owned
"DELL LATITUDE E7240 12.5"" i5 4300 1.9GHz 8GB RAM 256GB SSD! WIN 7 PRO GRADE A!",$60.00,Refurbished
"Dell Latitude E7440 14"" Matte 1.9GHz Core i5 16GB RAM No HDD Windows 8 Pro COA",$249.00,Refurbished
Dell Latitude 5404 Rugged Extreme Laptop i5-4310U 8GB 2TB SSHD HD WIN10 Man-Ref,$209.99,Pre-Owned
"Dell Latitude E7440 14"" Dual Core i5-4310U 2.6GHz 8GB 256GB SD HDD Windows 10",$649.99,Refurbished
DELL LATITUDE E7450 ULTRABOOK I5 5300U 2.3GHZ 4GB 128GB SSD WEBCAM Win 10 Refurb,$169.99,Refurbished
Dell Latitude E5440 2.00GHZ intel Core i5 500GB DVD 8GB DVD Windows 10 64 bit,$264.99,Refurbished
#694 Dell Latitude E6440 i5 8GB 128GB SSD Laptop Computer Windows 10 Yellow,$156.33,Refurbished
#660 Dell Latitude E5440 i5 8GB 128GB SSD Laptop Computer Windows 10 Rose Gold,$199.00,Pre-Owned
Dell Latitude 14 Rugged 5404 Core i5 2GHz 240GB SSD 8GB Win 10 Pro webcam DVDRW,$225.00,Pre-Owned
Dell Latitude E7450 I5-5300U 2.3GHz 256GB SSD 8GB WIN10PRO #6,$302.39,Refurbished
Dell Latitude E7440 i5-4310U 2.0 GHz 4GB/128GBSSD MSATA ,$189.00,Pre-Owned
"Dell Latitude E5440 Laptop i5 1.9Ghz 4GB 500GB 14"" Windows 10",$169.99,Refurbished
Dell Latitude 5404 Rugged Extreme Laptop i5-4310U 8GB 2TB SSHD WIN10 Touchscreen,$149.99,Pre-Owned
Dell Latitude E5440 i5-4300U / 8GB RAM / 500 HDD / Win10,$649.99,Refurbished
Dell Latitude E7440 Laptop PC Core 4th gen I5 8GB RAM 120GB SSD ,$150.00,Pre-Owned
Dell Latitude E7450 i5  2.3Ghz 4Gb ram 80GBHDSSD Windows 10 home C Grade,$160.00,Pre-Owned
"Dell Latitude E7440 14"" Laptop PC Core i5-4300U 1.90GHz 128GB SSD 8GB RAM Win 10",$149.99,Pre-Owned
"DELL Latitude E5440 i3-4010U 1.7GHz 4GB RAM 128GB SSD 14"" Windows 10 Pro Laptop",$289.99,Refurbished
Dell Latitude E7440 Laptop PC Core 4th gen I5 8GB RAM 120GB SSD  scratches,$127.50,Pre-Owned
Ultra Fast DELL LATITUDE LAPTOP 4th Gen i5 (2.90 MAX TURBO) 8GB 160GB SSD HDMI,$160.00,Pre-Owned
DELL LATITUDE LAPTOP E5440 I5-4300U (2.90 MAX TURBO) 8G 160GB SSD WINDOWS 10 Pro,$229.99,Refurbished
#664 Dell Latitude E5440 i5 8GB 128GB SSD Laptop Computer Windows 10 Yellow,$224.99,Refurbished
#640 Dell Latitude E6440 i5 8GB 128GB SSD Laptop Computer Windows 10 Gold,$225.00,Pre-Owned
"Dell Latitude E6440 14"" Laptop - Intel i5-4300m 2.60GHz 4GB RAM 500GB HDD Win 10",$215.00,Pre-Owned
FAST DELL LATITUDE LAPTOP E5440 I5-4300U (2.90 MAX TURBO) 8GB 160GB SSD WIN 10,$159.99,Refurbished
Dell Latitude E7440 Laptop PC Core 4th gen I5 8GB RAM 120GB SSD ,$269.99,Refurbished
"Dell Latitude 12 Rugged Ext 7204 2-in-1 Convertible, Core i5, 8GB, 128GB SSD",$160.00,Pre-Owned
"Dell Latitude E5440 14"" Intel Core i5-4200U-1.6GHz 8GB 240GB SSD Win 10 pro",$525.00,Refurbished
Dell Latitude 14 7404 Rugged Extreme i5-4310U 16GB 2TB SSHD WIN10 OFFICE 16,$130.00,Pre-Owned
"Dell Latitude E7440 Ultrabook 14"" Intel i5-4310CPU 2.6 GHz 256GB SSD 8GB ",$449.00,Refurbished
"Dell Latitude E7450 14"" FHD Laptop, Core i5-5300U 8GB 256GB SSD Windows 10 Pro",$350.00,Refurbished
Dell Latitude E7450 Core i5-5300U 1920x1080 8GB DDR3 + 128GB SSD Windows 10 Pro,$399.00,Refurbished
"Dell Latitude E5440 14"" i5-4210U 1.70GHz/8GB/128GB SSD+500GB HDD/Win 10 Pro",$284.79,Refurbished
#661 Dell Latitude E5440 i5 8GB 128GB SSD Laptop Computer Windows 10 Red,$279.99,Pre-Owned
"Dell Latitude E5440 i5, 8gb Ram,Win 10 Pro + Choice of 500GB SSHD or 128GB SSD ",$225.00,Pre-Owned
DELL Latitude E6540 15.4 in Laptop Intel Core i5 2.60 GHz 8 GB 256GB SSD WIN 10,$113.99,Pre-Owned
"Dell Latitude E7450 14"" Laptop Intel Core i5 (5200U) 2.2GHz 4GB DDR3 320GB HDD",$345.00,Refurbished
"Dell Latitude E5540 15.6"" Laptop (Intel i5-4210U 2.4GHz, 8GB RAM/240GB SSD, W10)",$347.81,Refurbished
"ONE Dell Latitude E7240 Laptop Core i5-4310U, WINDOWS 10 PROF",$224.95,Refurbished
"Dell Latitude 12 Rugged Ext 7204 TOUCH 2-in-1 Convertible, Ci5-4310U, 8GB, 128GB",$175.00,Pre-Owned
"HP ProBook 645 G1 14""  HD AMD A6-5350M 2.9GHz 8GB 500GB HDD Win 10 Laptop ",$77.99,Pre-Owned
"HP Probook 455 G1 AMD A6-5350M 2.9GHz 4GB RAM 500GB HD 15.6"" WINDOWS 10 PRO",$114.99,Pre-Owned
"HP ProBook 645 G1 14""  HD AMD A6-5350M 2.9GHz 8GB 500GB HDD W7P Laptop U",$139.99,Pre-Owned
"HP ProBook 450 G1 15.6"" Intel i5(4thGen)Win 7P 2.5GHz 8GB 500GB V. Good Battery",$279.00,Pre-Owned
HP ProBook 455 G1 AMD A4 5150M 2.7 GHz - 8 GB Ram - 320 GB HDD - Windows 10,$159.99,Pre-Owned
HP ProBook 4540s - Intel i3 3110M 2.4 GHz - 8 GB Ram - 320 GB HDD - Windows 10,$125.00,Refurbished
"HP ProBook 650 G1 - 15.6"" - Core i5 4300M - 8 GB RAM - 256 GB SSD",$16.50,Refurbished
"HP Probook 455 G1 AMD A6-5350M 2.9GHz 4GB RAM 500GB HD 15.6"" WINDOWS 10",$19.99,Pre-Owned
"HP Probook 11 G2 Intel Core i3-6100U 1366x768 11.6"" Touchscreen Pristine",$19.99,Refurbished
" HP ProBook 640 G1 Intel i5, 8GB RAM, 256GB SSD, WIN 10",$134.99,Pre-Owned
HP ProBook 450 G1 / i3-4000M / 4GB RAM / 500GB HDD / Windows 10 Pro 64-bit,$255.55,Pre-Owned
HP ProBook 440 G3 i7-6500U 2.5GHz 8GB RAM 256GB SSD Windows 10 Pro,$40.00,Refurbished
"HP ProBook 6475B 14"" AMD A6-4400m 2.7GHz 4GB RAM 320GB HDD Windows 7 Home",$70.00,Refurbished
"HP PROBOOK MT41 AMD A4-4300M 2.5GHz 4GB RAM 14.1"" LAPTOP",$149.99,Pre-Owned
"HP ProBook 650 G1, i7, 8gb RAM, No HDD",$199.39,Pre-Owned
"HP ProBook mt41 14"" AMD A4-4300M 8GB RAM 128GB SSD Windows 10 Laptop",$199.99,Pre-Owned
"HP ProBook 650 G2 15.6"" i5 6300U @2.40GHz, 8GB RAM, 250GB SSD, NO OS",$107.99,Pre-Owned
HP ProBook 6560b DVD i3-2350M 2.30GHz 8GB 320GB HDD Windows 10 Pro Laptop ,$34.95,Refurbished
HP ProBook 6560b Intel 2nd Gen i5-2520M 2.5Ghz 4GB RAM 76032AL,$95.00,Pre-Owned
HP ProBook 4530S 15.6 in. Laptop (250GB SSD-Intel Core i5- 8GB) No O.S. w/Webcam,$55.00,Pre-Owned
"Hp Probook 4440s, 320GB HDD, 4GB Ram, Windows 10 Pro",$399.99,Pre-Owned
HP ProBook 6560b Intel 2nd Gen i5-2520M 2.5Ghz 4GB RAM 76005AL,$99.99,Pre-Owned
Hp Probook 6570B Core i5 2.50Ghz Laptop 4GB RAM DVDRW WIFI BATTERY AC ADAPTER,$119.99,Pre-Owned
HP ProBook 6560b Intel 2nd Gen i5-2520M 2.5Ghz 4GB RAM 76011AL,$291.00,Pre-Owned
HP PROBOOK  640 G1 12GB i5-4330M 2.8GHZ 128 GB SSD WIN 10 INSTALLED,$986.76,Refurbished
hp elitebook Revolve 810 Laptop / Covertible Tablet Core i5  SSD Touchscreen ,$196.00,Refurbished
"16x LOT HP PROBOOK 14"" LAPTOP WINDOWS 10 DUAL-CORE BUSINESS WEBCAM DVDRW 645 G1",$40.00,Pre-Owned
HP ProBook 6550b laptop 15.6  Core i5-2.40 320GB 4GB DVD W10P,$46.99,Refurbished
HP ProBook 4440s Laptop Intel Core i5-3210M 2.50GHz 4GB RAM NO HDD,$499.99,Pre-Owned
HP EliteBook Revolve 810 G2 Tablet Core I5 2.2ghz 4gb 128gb SSD Touchscreen,$149.00,Refurbished
HP Elitebook 8470p i5 Intel@2.6.GHZ 320GB 4GB RAM Window 7 Seller Refurbished,$149.99,Refurbished
"HP EliteBook 820 G3 12.5"" Laptop PC i5-6300U 256GB SSD 8GB RAM Windows 10 Pro",$349.99,Refurbished
HP EliteBook Revolve 810G2 Intel Core i5 1.6ghz 4gb 128GB.SSD Touchscreen Tablet,$190.20,Refurbished
HP ProBook 6465b | AMD A4-3310MX APU | 2GB RAM | 60GB SSD | Win 10 Pro,$49.00,Refurbished
HP Probook 6570b Core i5 2.60Ghz 2GB Ram 320GB HDD i5-3230M,$80.00,Pre-Owned
HP ProBook 4535s 15.6in. Notebook/Laptop Mild Scratches from being used,$139.99,Pre-Owned
Hp probook 6555b,$50.00,Refurbished
HP ProBook 6460B Laptop Intel Core i5 2.3GHz 4GB Ram 320GB  Windows 10 Pro,$114.50,Refurbished
HP EliteBook Revolve 810 Tablet Core i7-4600U 2.6GHz 8GB 128GB SSD Touchscreen,$250.00,Pre-Owned
HP EliteBook 840 G1 & Ultraslim Dock,$300.00,Pre-Owned
"HP EliteBook 850 G1 15.6"" i5-4300U 1.9GHz 8GB RAM 320GB HDD Radeon HD 8730M",$209.98,Pre-Owned
"HP ELITEBOOK 820 G1 I5-4200U 1.60GHZ 4GB 180GB SSD HD4400 12.5"" HD WIN 10P",$149.39,Refurbished
Super Fast Business grade HP elitebook 840 G1 8GB/500 GB SSD Software PKG Laptop,$195.00,Refurbished
"HP EliteBook 850 G2 15.6"" Laptop Core i5-5300U 2.3GHz - 8GB - 500GB w/ Win 10",$364.99,Pre-Owned
HP EliteBook Revolve 810 G3 Tablet Core I7 2.60ghz 8gb Touchscreen,$320.00,Pre-Owned
HP Elitebook 840 G2 Intel Core i7-5600U 2.60GHz 8GB + 500GB HDD Win 10 Pro,$444.99,Refurbished
"HP EliteBook Revolve 810 G3 Tablet -11.6"" Core i7vpro 5600U -8GB RAM -256 GB SSD",$429.14,Pre-Owned
Ultra Compact Office Laptop HP Elitebook 820 i5 4th Gen 4GB Windows 10 Webcam,$300.00,Pre-Owned
HP Elitebook Revolve 810 G2,$265.00,Pre-Owned
"HP Elitebook 840-G2 Ultrabook, Core i5- 5300U, 2.3 GHz, 8GB, With 240GB SSD",$225.00,Refurbished
"HP EliteBook 8440W 14"" i7-M620  2.67GHz 4GB RAM 256GB HDD FX380M  DVDRW  Webcam",$380.00,Pre-Owned
"HP Elitebook  AMD A8, 8gb DDR3 ram",$300.00,Pre-Owned
HP EliteBook Revolve 810 G3 Tablet Core I5 2.2ghz 8GB 256GB SSD Touchscreen,$163.84,Refurbished
"Refurbished HP EliteBook 2570p - Core i5, 2.6GHz, 4GB, 128GB",$296.99,Refurbished
"HP ELITEBOOK FOLIO 1040 G1 I7-4650U 1.70GHZ 8GB 256GB SSD HD 5000 14"" 1920X1080 ",$16.00,Refurbished
"Refurbished HP EliteBook 2570p - Core i5, 2.6GHz, 4GB, 128GB",$290.00,Refurbished
HP EliteBook Folio 9470m i5 3437U 1.90GHz 8GB 256GB SSD WebCam Win 10 Pro ,$84.99,Refurbished
HP EliteBook 2570p i5 3320M 8GB 160GB SSD WebCam DVD+RW  Win 10 Office 2019 Dock,$9.95,Refurbished
"HP Elitebook 8540p Intel i5-M540 2.5Ghz 4GB Ram 250GB HDD 15.6"" Webcam Win 7 Pro",$29.98,Refurbished
HP ELITEBOOK 8570W I7-3630QM 2.40GHZ 16GB 240GB HD WIN 10 Office 2019,$38.99,Refurbished
HP EliteBook 840 G1 i5-4310U 8GB 500GB HDD WebCam Win 10 Office 2019 Pro,$24.99,Pre-Owned
HP Elitebook Ultraslim 2014 Docking Station - D9y32UT#ABA ,$200.00,Pre-Owned
Hp EliteBook 820 Intel Core i5 2.60GHz 8GB RAM 180GB SSD Win 10 Office 2019 Pro,$394.99,Pre-Owned
Lenovo Thinkpad T450 Intel Core i7-5600U 2.6GHz 160GB SSD 8GB RAM Win10 Pro,$154.25,Pre-Owned
Lenovo ThinkPad T440s 14in.,$370.00,Refurbished
"Lenovo ThinkPad T450s 20BWS1D61J 14"" Ultrabook Intel Core i5 (5th Gen) i5-5300U",$10.50,Pre-Owned
Lenovo Thinkpad T450s Laptop Core i7 2.6GHZ 8GB 256GB SSD Win 10 Pro Touch,$200.00,Pre-Owned
Lenovo Thinkpad T450s Laptop Core i5 2.3GHZ 8GB 512GB SSD Windows 10 Pro x64,$359.02,Refurbished
"Lenovo ThinkPad T430 14"" laptop i5-2520 2.50GHz 8GB 500GB Win10 2349S7W",$326.08,Refurbished
LENOVO THINKPAD T450 i5 4200U 1.6GHz 12GB RAM 297GB LAPTOP Win 10,$199.99,Refurbished
LENOVO  THINKPAD  T400  WINDOWS  7  PRO  ACTIVATED  UPDATED  LAPTOP,$142.50,Pre-Owned
"Lenovo 14"" ThinkPad T450 Intel i5-5200U 2.20GHz 8GB RAM 1TB HDD Windows 10 PRO",$90.00,Pre-Owned
Lenovo Thinkpad T450 Intel Core i5-5300U 2.2GHz HD 4GB 180GB SSD BT Win10 w/PS,$239.95,Pre-Owned
Lenovo Thinkpad T450s laptop,$219.00,Refurbished
LENOVO THINKPAD T450 i5 5300U 2.3GHZ 4GB RAM 256GB SSD LAPTOP Win 10,$350.00,Pre-Owned
Lenovo Thinkpad T450s Intel Core i5-5200U 2.20GHz 4GB 256GB SSD BT FPR Win10,$156.75,Pre-Owned
"Lenovo ThinkPad T430 14.in. 240GB SSD, 2.5GHz, 8GB) Notebook/Laptop - Black -...",$215.00,Refurbished
Lenovo 20BW0007US Lenovo.Mobile ThinkPad T450s Core i5 Dual-Core 2.30 GHz Bus Sp,$220.00,Pre-Owned
"Lenovo ThinkPad T440P Core i5-4210M 2.6GHz 4GB 500GB 14"" Win 10 Pro Laptop",$713.00,Refurbished
"Lenovo ThinkPad T450S 14"" Laptop Dual Core i5-5300U 2.3GHz 8GB 500GB w/ Win 10",$238.28,Pre-Owned
"Lenovo ThinkPad T450s 14"" Core i5-5300U 2.30GHZ 8GB RAM 256GB SSD Windows 10 Pro",$299.99,Pre-Owned
"Lenovo ThinkPad T440P Core i5-4210M 2.6GHz 4GB 500GB 14"" ",$279.00,Pre-Owned
"Lenovo ThinkPad T440s 14"" Laptop PC i5-4300U 500GB HDD 4GB RAM Windows 10 Pro",$163.99,Pre-Owned
"Lenovo Thinkpad T440p Used 14"" 256gb SSD Intel Core i7-4710MQ 2.5GHz 16gb RAM",$289.99,Refurbished
"Lenovo Thinkpad T440 Laptop PC, Windows 10 Home 64-bit, Intel Core i5-4300U, 8GB",$265.00,Pre-Owned
"Lenovo 14"" ThinkPad T450 Intel i5-5200U 2.20GHz 8GB RAM 750GB HDD Windows 10 PRO",$272.00,Pre-Owned
Lenovo Thinkpad T550 laptop,$229.95,Pre-Owned
Lenovo ThinkPad T540P Laptop Intel Core i7-4600M 8GB DDR3 500GB HDD Win 10 Pro,$400.00,Pre-Owned
"Lenovo ThinkPad T540p 15.6in-Intel Core i5 4th Gen-4200M-2.5GHz, 8GBRAN-500GBHD",$391.59,Refurbished
"14"" Lenovo 20BV000BUS ThinkPad T450 1.90GHz i5 4300U 240GB SSD 4GB Win10 BACKLIT",$215.00,Pre-Owned
Lenovo ThinkPad T540p i3 8GB 500GB DVD+RW Win 10 Office 2019 Pro,$499.97,Pre-Owned
Lenovo ThinkPad T540p i5 4GB 180GB SSD WebCam DVD+RW Win 10 Office 2019 Dock,$399.99,Pre-Owned
ThinkPad T440 i5 8GB 128GB SSD WiFi WebCam 1600x900 Win 10 Office 2019 Dock,$6.01,Pre-Owned
Thinkpad T450 Intel i5 16GB RAM 240GB SSD Webcam Win 10 Office 2019 Pro Dock,$62.09,Pre-Owned
Thinkpad T450 Intel i5 16GB RAM 500GB Webcam Win 10 Office 2019 Pro Dock,$144.99,Pre-Owned
Thinkpad T450 Intel i5 8GB RAM 240GB SSD Webcam Win 10 Office 2019 Pro Dock,$439.99,Pre-Owned
ThinkPad T440 i5 8GB 256GB SSD WiFi WebCam 1600x900 Win 10 Office 2019 Dock,$149.00,Pre-Owned
ThinkPad T440 i5 8GB 500GB 1600x900 WiFi WebCam 1600x900 Win 10 Office 2019 Pro,$349.76,Pre-Owned
"20BUS0VF00 - ThinkPad T450 i5-5300U, 8GB RAM, 500GB SATA, 14.0"" HD+, WIN10 Pro64",$346.34,Pre-Owned
ThinkPad T540p i5 8GB 180GB SSD DVD+RW nVIDIA GT730M Win 10 Office 2019 Pro Dock,$368.37,Refurbished
Thinkpad T450 Intel i5 8GB RAM 240GB SSD Webcam Win 10 Office 2019 Pro Dock,$358.36,Pre-Owned
ThinkPad T440 i7 12GB 480GB SSD WiFi WebCam 1600x900 Win 10 Office 2019 Pro,$152.00,Pre-Owned
GENUINE!! LENOVO THINKPAD T61 SERIES DC-IN POWER JACK CABLE 8891-CTO ,$310.74,Pre-Owned
"Lenovo ThinkPad E560 15.6"" Black 2015 2.3GHz i5 6th Gen 8GB 500GB Good Condition",$220.00,Pre-Owned
Lenovo Thinkpad E550 Intel Core i7 5500U 2.40 GHz AMD Radeon R7 M265 Full HD ,$35.00,Pre-Owned
"Lenovo ThinkPad E550 15.6"" Intel Core i3-4005U 1.7Ghz 4GB RAM 500GB HDD Win10 #3",$98.00,Pre-Owned
"Lenovo ThinkPad E550 15.6"" Intel Core i5-5200U 2.2GHz 8GB Laptop 20DF-0030US",$82.00,Pre-Owned
Lenovo Thinkpad 11e Pentium 2.1GHz 4GB RAM 128GB SSD Laptop 2015,$19.99,Pre-Owned
Lenovo ThinkPad E450 Core i5 5200U 2.2GHz | 500GB HDD | 4GB RAM |,$169.99,Refurbished
"Lenovo ThinkPad E450, i5-5200U, 2.20GHz, 4GB RAM, 500GB HDD*85",$258.88,Pre-Owned
"LENOVO THINKPAD E555, AMD 10 1.9GHZ, 8GB, 240GB SSD, AMD Radeon R7 M260DX Gfx",$119.99,Pre-Owned
Lenovo Thinkpad X140e Notebook 11.6 AMD E1-2500 1.4GHz 4GB 120GB SSD Linux Mint,$80.00,Pre-Owned
Lenovo ThinkPad 11e AMD A4-6210 1.80GHz 4GB RAM 500GB HDD Linux Complete Tested,$345.00,Pre-Owned
"LENOVO ThinkPad X140e Laptop E1-2500 1.4GHz, 8GB RAM, 500GB HDD Windows 10 CAM",$379.00,Refurbished
"Lenovo ThinkPad E450 14"" Notebook Computer - SKU#1016128",$149.99,Pre-Owned
"Lenovo ThinkPad X131e 11.6"" Laptop, AMD E2 1.7 GHz, 8GB RAM, 320GB HD",$174.99,Refurbished
"Lenovo ThinkPad 11E-G2 11.6"" 4G/120GB/SSD Quad Core Win 10 Pro HDMI Notebook",$250.00,Pre-Owned
"Lenovo ThinkPad E440 14in. (500GB, Intel Core i5 4th Gen., 2.5GHz, 4GB)...",$799.99,Pre-Owned
"LENOVO THINKPAD E555, AMD 10 1.9GHZ, 8GB, 500GB SSD, AMD Radeon R7 M260DX Gfx",$375.00,Pre-Owned
"LENOVO ThinkPad X140e Laptop E1-2500 1.4GHz, 8GB RAM, 500GB HDD Windows 10 Pro",$179.99,Pre-Owned
Lenovo ThinkPad E450 | I3-| 4GB RAM | 320GB HDD | Win10 Pro |,$495.92,Pre-Owned
"Lenovo ThinkPad E560 Intel Core i5-6200U 4GB Win7, Black (Refurbished)",$83.59,Refurbished
"Lenovo Thinkpad E550 15.6"" Genuine Matte LCD Screen Complete Assembly ER*",$44.09,Pre-Owned
"Lenovo ThinkPad E460 14"" FHD Notebook i7-6500u 2.5GHz 8GB 256GB SSD WiFi BT W10P",$399.74,Refurbished
"LENOVO IBM THINKPAD EDGE E550 Laptop i3, Win 10, 4GB RAM 500GB ",$158.40,Refurbished
